Сохраняйся блять почаще!,1
Продумай блять структуру!,2
Используй блять ариал!,3
Не используй блять ариал!,4
"Читай книги, ёпта!",5
Заставляй блять себя!,6
Делай блять больше набросков!,7
Составь блять план!,8
Пользуйся блять модульной сеткой!,9
Расставь блять направляющие!,10
Выключи нахуй направляющие!,11
Добавь блять воздуха в макет!,12
Делай блять всё по-порядку!,13
Сделай блять симметрично!,14
Убери нахуй симметрию!,15
"Есть же цветовая схема, мудила!",16
"Обсуждай новые идеи, ёбта!",17
Сначала блять составь ТЗ!,18
Вдохновляйся блять!,19
Выравняй блять по сетке!,20
"Проверь, блядь, орфографию!",21
Пользуйся блять «Типографом»!,22
"Не ссы бля, увеличивай!",23
"Не ссы бля, сделай как хочется!",24
"Не ссы бля, уменьшай!",25
Думай блять о пользователе!,26
"Не делай гавна, блять!",27
Вынеси нахуй тире и кавычки!,28
Следи блять за отступами!,29
Выравнивай блять текст!,30
Учись блять писать тексты!,31
Проработай блять детали!,32
Не еби мозги окружающим!,33
Не задрачивайся на мелочах!,34
Выбрось нахуй и начни заново!,35
Не используй блять Comic Sans!,36
Иди блять отдохни немного!,37
"Ошибайся, ёпта!",38
"Мечтай, ёпта!",39
Делай блять вовремя!,40
"Не ври себе, ёпта!",41
Научись блять принимать критику!,42
Не проеби всё дело!,43
Люби блять свою работу!,44
"Выбирай себе клиентов, ёбта! ",45
Не работай блять с мудаками!,46
Думай блять о последствиях!,47
Не тупи бля!,48
Не тормози бля!,49
"Работай быстро, ёбта!",50
"Будь на позитиве, ёбта!",51
Доверяй блять себе!,52
Отдыхай блять после каждого проекта!,53
Нарисуй бля сперва на бумаге!,54
"Сотрудничай, ёбта!",56
Не делай хуйни!,57
Уволься нахуй с работы!,58
"Не ссы, ёбта!",59
"Копи опыт, ёпта!",60
"Применяй опыт, ёпта!",61
Изучай бля правила!,62
Нарушай бля правила!,63
Делай блять хронометраж!,64
Выключи нахуй аську!,65
"Развивай бля речь, мудило!",66
Попроси уже совета блять!,67
Не работай блять бесплатно!,68
Подумай блять дважды!,69
"Учись на ошибках, ёбта!",70
"Попробуй блять, а то не узнаешь!",71
Обучай блять своих клиентов!,72
"Будь эффективнее, ёбта!",73
Купи уже блять шрифт!,74
"Будь собой, ёпта!",75
Не делай конфет из говна блять!,76
"Погугли, ёбта!",77
Вычисти блять код перед сдачей!,78
Заполняй тайтлы у ссылок!,79
"Верь в себя, ёбта!",80
Не переступай блять через себя!,81
Переступай блять через себя!,82
Верстай блять нормально!,83
Подтверждай блять авторство!,84
Приезжай блять вовремя!,85
Запишись блять на курсы!,86
Найми блять фотографа!,87
Найми блять дизайнера!,88
Поручи блять фрилансеру!,89
Не пизди чего не знаешь!,90
Уважай блять коллег!,91
"Похуй, сделай первым!",92
Проси блять больше денег!,93
"Работай над собой, ёбта!",94
"Работай на себя, ёбта!",95
"Будь увлечённым, ёпта!",96
Будь блять настойчивым!,97
Живи блять настоящим!,98
Собирай блять единомышленников!,99
Развивай блять мышление!,100
"Читай больше, ёбта!",101
Займись блять спортом!,102
Изучи бля логику!,103
Записывай блять свои мысли!,104
Найди блять себе хобби!,105
Работай блять честно!,106
Делись блять знаниями!,107
"Будь вежлив, ёпта!",108
Начни прямо сейчас блять!,109
Сделай блять ещё проще!,110
Подчеркивай блять ссылки!,111
Выделяй блять важное!,112
Учись блять рисовать!,113
"Ставь нормальное тире, блять!",114
Не сутулься блять!,115
Не суетись блять!,116
Изобрети блять велосипед!	,117
Береги яйца смолоду!,118
Сохраняйся блять почаще!,119
"Экспериментируй, блять!",120
Следи блять за кернингом!,121
Найди себе блять наставника!,122
"Увеличь шрифт, блять!",123
Спрашивай блять обо всём!,124
Делай блять бэкапы!,125
Пей блять кофе поменьше!,126
Постоянно блять развивайся!,127
"Учись бля, время идёт!",128
Брось нахуй курить!,129
Комментируй блять код!,130
Планируй блять дела!,131
Запишись блять в бассейн!,132
Не перегружай блять дизайн!,133
Не пользуйся блять клипартом!,134
Проводи блять тесты!,135
Проверяй блять информацию!,136
Выбирай блять правильные инструменты!,137
Доверяй блять интуиции!,138
Не срывай блять сроки!,139
Не экономь блять на важном!,140
Ищи блять контраст!,141
Учись блять принимать похвалу!,142
Выполняй блять обещанное!,143
Выражайся блять ясно!,144
Организуй блять своё время!,145
Будь блять в курсе событий!,146
Знай блять свой рынок!,147
Всегда бля будь на связи!,148
Будь блять самостоятельным!,149
Учись блять задавать вопросы!,150
Упрощай блять! Упрощай!,151
Цени блять свой труд!,153
"Не ленись, блять!",154
Не ограничивайся блять профессией!,155
Заменяй блять деление умножением!,156
Не плоди блять переменные!,157
"Называй переменные осмысленно, блять!",158
Оптимизируй блять запросы!,159
Заполняй блять ALTы!,160
Используй блять списки!,161
Убери нахуй джастифай!,162
Думай блять что говоришь!,163
Будь блять решительным!,164
Сделай блять заначку!,165
Не думай блять слишком долго!,166
Повышай блять планку!,167
Не дрочи судьбу напрасно!,168
Ищи блять надёжный хостинг!,178
Требуй блять предоплату!,188
"Не понижай градус, блять!",198
Высыпайся блять как следует!,208
Благодари блять людей!,218
Будь блять искренним!,228
"Будь проще, ёбта!",238
"Вперёд, блять! Вперёд!",248
Выбирай блять нишу поменьше!,258
Высвобождай блять время!,268
"Вычеркивай лишнее, блять!",278
Выясни блять интерес клиента!,288
Говори блять комплименты!,298
Не слушай блять тупых советов!,308
Делай блять аккуратнее!,318
Расставь блять заголовки!,328
Делегируй блять второстепенное!,338
Заканчивай блять выводами!,348
Иди блять и сделай!,358
Изучи блять статистику!,368
Интригуй блять клиентов!,378
Используй блять стереотипы!,388
Используй блять эмоции!,398
Ищи блять решения попроще!,408
"Меньше слов, блять!",418
Называй бля клиента по имени!,428
Найди блять себе посредника!,438
Начни блять немедленно!,448
Не бросай блять на середине!,458
Не делай блять скучно!,468
Не ищи блять отмазок!,478
"Не пизди блять, а делай!",488
Изучай блять чужие работы!,498
Не старайся блять понравиться всем!,508
Не тяни блять время!,518
"Не умничай, блять!",528
Не усердствуй блять некстати!,538
Не устраивай блять истерику!,548
Обращайся блять к чувствам!,558
Оставь блять хорошее впечатление!,568
Отвечай блять быстро!,578
Научись блять печатать нормально!,588
Пиши бля короче!,598
Повторяй блять удачные приёмы!,608
Ложись блять вовремя!,618
Подготовь блять слайды!,628
Поддерживай блять диалог!,638
Подражай блять великим!,648
Пользуйся блять тем что есть!,658
Понравься блять клиенту!,668
Похвали блять коллегу!,678
"Хуй с ним, делай в одиночку!",688
Предоставь блять выбор клиенту!,698
Признавай блять очевидное!,708
Приноси блять пользу!,718
Спроси себя:«А нахуя?»! ,728
Сделай блять наглядно!,738
Сделай блять необычно!,748
Сделай бля с душой!,758
Слушай блять клиента!,768
Верь блять в чудеса!,778
Сначала блять подготовься!,788
"Сокращай фразы, блять!",798
Ссылайся блять на авторитеты!,808
Требуй блять деньги сразу!,818
Узнай блять почему оно так!,828
Упрости блять покупку!,838
Учись блять продавать!,848
RTFM!,858
"Сначала, блять, прозвони кабель!",868
Не ешь блять за компом!,878
Подумай блять что ответить!,888
Будь блять внимательнее!,898
Не жди блять чудес!,908
Вставай блять пораньше!,918
"Успокойся блять, выпей кофе!",928
Учись блять готовить!,938
Делай блять перерывы!,948
Дай блять глазам отдохнуть!,958
Никогда блять не оправдывайся!,968
Запасись блять пельменями!,978
Удаляй блять лишнее!,988
Сделай блять нормальные скругления!,1008
Убери блять плашки нахуй!,1018
Не жди блять вдохновения!,1028
Поиграй блять шрифтами!,1038
Оторви уже блять жопу!,1048
Перечитай блять написанное!,1058
Не отвлекайся на хуйню!,1068
Не дрочи блять на СамЗнаешьКого!,1078
Проверь блять ещё раз!,1088
Закрывай блять теги!,1098
Не тяни блять с ответом!,1108
Нарисуй блять схему!,1118
Смотри блять на более опытных!,1128
Не сиди блять под rootом!,1138
Делай что любишь блять!,1148
Следи блять за топологией сетки!,1158
"Компилируй уже, блять!",1168
Посмотри блять в IE!,1178
Используй блять min-width!,1188
Не используй блять CENTER!,1198
Выноси блять скрипты в отдельный файл!,1208
Собери блять картинки в спрайт!,1218
Проверяй блять валидность кода!,1228
Не пропускай блять обед!,1238
Заноси блять баги в базу!,1258
Найми блять редактора!,1268
Больше бля ходи пешком!,1288
Откалибруй блять монитор!,1298
Выравняй блять горизонт!,1308
Не снимай блять в jpeg!,1318
Возьми блять штатив!,1328
Купи блять нормальную вспышку!,1338
Не проеби в тенях детали!,1348
Ищи блять ракурс!,1358
Следи блять за светом!,1368
Не печатай блять мелких фоток!,1378
Сними блять крышку объектива!,1388
Не проеби блять фотик!,1398
"Не снимай всё подряд в hdr, ёпта!",1408
Используй блять градиентные фильтры!,1418
Следи блять за резкостью!,1428
Подбери уже блять значение диафрагмы!,1438
Общайся блять с моделью!,1448
Не задирай блять iso при дневном свете!,1458
Не надейся блять на камеру!,1468
Найми блять ассистента!,1478
Ретушируй блять аккуратно!,1488
Думай блять как это снято!,1498
Не жалуйся блять на технику!,1508
Не дрочи блять после съемки!,1518
Изучи блять фотошоп!,1528
"Кадрируй, блять!",1538
Поищи блять фон!,1548
Учись блять у классиков!,1558
"Переведи в CMYK, ёпта!",1568
"Переведи в sRGB, ёбта!",1578
Лови блять момент!,1588
Заряжай блять батарею!,1598
Купи блять нормальный объектив!,1608
Удаляй нахуй брак!,1618
Снимай блять больше!,1628
Не забывай блять про экспокоррекцию!,1638
Освобождай блять карту после каждого сета!,1648
4 карточки по 4Гб лучше блять чем одна на 16!,1658
"Включи в пейзаж передний план, ёпта!",1668
Не превращай блять кожу в пластик!,1678
Не режь блять по суставам!,1688
Не снимай блять со своего роста!,1698
Не отрезай блять ноги!,1708
Настрой блять резкость!,1718
Убери блять рамку!,1728
"Не дрочи, блять - модель позирует!",1738
Не ставь блять дату на фотках!,1748
Включи уже блять софит!,1758
Не бухай блять на съемке!,1768
Работай блять трезвым!,1778
Не тряси блять руками!,1788
Не лапай блять обьектив!,1798
"Не проеби вспышку, блять!",1808
Не пользуйся блять режимом AUTO!,1818
"Делай больше дублей, ёбта!",1828
Купи блять кардридер!,1838
Не лезь блять в рабочий код!,1848
Не трожь блять чего не понимаешь!,1858
"Начинай блять с того, за что заплачено!",1868
Сначала сбрось блять настройки!,1878
Используй блять фреймворки!,1888
"Читай логи, блять!",1898
"Веди логи, блять!",1908
Читай блять документацию!,1918
"PHP, ASP, Ruby - всем похуй!",1928
Сохраняй блять ошибки!,1938
Не перебивай блять клиента!,1948
Смени блять пароли!,1958
Группируй блять слои!,1968
Гуляй блять почаще!,1978
Расставляй блять приоритеты!,1988
Заведи блять ежедневник!,1998
Называй блять файлы нормально!,2008
Собирай блять портфолио!,2018
Сохраняй блять исходники!,2028
"Почисть обувь, ёпта!",2038
"Предохраняйся, блять!",2058
Контролируй блять расходы!,2068
Сделай блять уборку!,2078
"Не лезь, блять, в чужие дела!",2098
"Улыбайся, блять, снимая трубку!",2108
Делай блять поэтапно!,2118
"Протри, блять, оптику!",2128
Не растягивай блять текст!,2138
Обнимайтесь блять почаще!,2158
Используй блять букву «Ё»!,2167
Следи блять за гистограммой!,2177
Не сиди блять без дела!,2187
Не читай блять чужих писем!,2197
Делай блять спонтанные вещи!,2207
"Обещал, блять - перезвони!",2217
"Протри экран, ёпта!",2227
Не навязывай блять помощь!,2237
Радуй блять окружающих!,2257
Заряди блять телефон с вечера!,2277
Заходи блять в деканат почаще!,2287
Выучи блять своё расписание!,2297
Не проеби блять зачётку!,2307
"Оставь старосте свой номер, ёпта!",2317
Не бухай блять вместо семинаров!,2327
Читай блять лекции!,2337
Поставь блять два будильника!,2347
Сокращай блять слова!,2357
Возьми блять трубу на экзамен!,2367
Выключай блять трубу на ночь!,2377
"Ночуй у себя, ёпта!",2387
Выходи блять пораньше!,2397
"Ищи литературу, ёпта!",2407
Закупи блять тетрадей!,2417
Общайся блять со старшекурсниками!,2427
Ходи блять на лабы!,2437
"Подсуетись до сессии, ёпта!",2447
Ищи блять того кто шарит!,2457
Не садись блять на последний ряд!,2467
"Учи матан, блять!",2477
Спи блять дома!,2487
"Не жди сессии, блять!",2497
Позавтракай блять плотнее!,2507
Удали блять доту!,2517
Не спи блять на парах!,2527
"Хорош бухать, ёпта!",2537
Сходи уже блять на пары!,2547
Называй препода по имени блять и отчеству!,2557
"Хватит шпилить, ёпта!",2567
"Соберись блять, призыв скоро!",2577
Носи блять с собой зарядку!,2587
Не груби блять преподу!,2597
"Не понял - переспроси, блять!",2607
Собери блять сумку с вечера!,2617
Считай блять в уме!,2627
Поменяй блять музыку в плеере!,2637
Не пизди на препода!,2647
Не спорь блять с преподом!,2657
Прояви блять интерес!,2667
Повторяй блять пройденное!,2677
Выспись блять перед экзаменом!,2687
Начинай блять заранее!,2697
Не бери блять в долг!,2707
Не зли блять вахтёра!,2717
Найди блять подработку!,2727
Присматривай блять место работы!,2737
Настрой блять по тюнеру!,2747
Не выёбывайся!,2757
Играй блять медленно!,2767
"Разучивай под метроном, ёпта!",2777
Играй блять под метроном!,2787
Купи блять нормальный ремень!,2797
Не слушай блять всякое гавно!,2807
"Не части с тэппингом, ёпта!",2817
Не играй блять Nothing else matters!,2827
Купи блять нормальный инструмент!,2837
"Весь смысл в динамике, ёпта!",2847
"Запишись, блять, и послушай!",2857
Учись блять у великих!,2867
Разбирай блять чужое!,2877
Поменяй блять струны!,2887
"Глуши струны, ёпта!",2897
Не бросай блять ноты!,2907
Больше блять экспрессии!,2917
Выделяй блять акценты!,2927
"Экранируй электронику, ёпта!",2937
Купи блять новый провод!,2947
Играй блять ровно!,2957
Ищи блять свой звук!,2967
"Выкручивай громкость до упора, блять!",2977
Не ложи блять на клин компрессор!,2987
Не бухай блять на репе!,3007
Сделай блять погромче!,3017
Вытягивай блять бенды!,3027
Отработай блять вибрато!,3037
"Двигайся, блять!",3047
Пропевай блять всё что играешь!,3057
"Вымой голову, ёпта!",3067
"Выучи ноты, блять!",3077
"Играй гаммы, ёпта!",3087
Не чмори блять басиста!,3097
Всем похуй из чего у тебя гриф!,3107
"Послушай классику, ёпта!",3117
Поменьше блять тритонов!,3127
"Импровизируй, ёпта!",3137
Отработай блять форшлаги!,3147
"Не части, блять!",3157
"Снимай на слух, блять!",3167
Соблюдай блять тональность!,3177
Уважай блять слушателя!,3187
"Экспериментируй, ёпта!",3197
Убери блять дилэй!,3207
"Учи больше гамм, ёпта!",3217
Разрешай блять аккорды!,3227
Подготовься блять к репетиции!,3237
"Освой новый инструмент, ёпта!",3247
Ищи блять новых впечатлений!,3257
Развивай блять воображение!,3267
Включи блять фантазию!,3277
"Сочиняй, ёпта!",3287
Играй блять больше!,3297
Передай блять эмоции!,3307
"Техника, блять - не главное!",3317
"Транспонируй, ёпта!",3327
Ищи блять конструктивную критику!,3347
Не усложняй блять красивое!,3357
Чувствуй блять ритм!,3367
Играй блять ровно!,3377
Купи блять диктофон!,3387
Не грызи блять медиатор!,3397
"Проверь строй, блять!",3407
"Не зазнавайся, ёпта!",3417
Протри блять инструмент!,3427
"Общайся с публикой, ёпта!",3437
Делай блять шоу!,3447
Слушай блять бас!,3457
Пропевай блять интервалы!,3467
Не надейся блять на звукаря!,3477
Сохраняй блять простоту!,3487
Упрости блять аранжировку!,3497
Аккуратнее блять с эффектами!,3507
Найми блять аранжировщика!,3517
Подыгрывай блять всему что слышишь!,3527
Играй блять чище!,3537
Сбился - начинай блять заново!,3547
Бойся блять велосипедистов!,3557
"Больше гари - меньше ям, ёпта!",3567
Видишь ДТП - предложи блять помощь!,3577
Включай блять поворотники!,3587
Включи блять фары!,3597
Выезжай блять пораньше!,3607
Вымой блять машину!,3617
Выпил - пиздуй на остановку!,3627
Выруби нахуй дальний!,3637
"Дистанция, блять! Дистанция!",3647
Замени блять дворники!,3657
Заряди блять аккумулятор на зиму!,3667
Засыпаешь - тормози нахуй!,3677
Защищай блять от коррозии!,3687
Купи блять свечной ключ!,3697
Купил ниссан - ебись с ним сам!,3707
Мигни блять аварийкой!,3717
Не бросай блять сцепление!,3727
"Не верь жене и тормозам, ёпта!",3737
Не выезжай блять за стоп-линию!,3747
Не выезжай блять на встречку!,3757
"Не гоняй, блять!",3767
Не едь блять на красный!,3777
Не жги блять сцепление!,3787
Не жри блять за рулем!,3797
Не кидай блять бычки в окно!,3807
Не мечись блять по рядам!,3817
Не носись блять по правой!,3827
Не носись как долбоёб!,3837
Не обгоняй блять справа!,3847
Не паркуйся блять на газоне!,3857
Не паркуйся блять на месте для инвалидов!,3867
Не паркуйся как мудак!,3877
Не пизди блять по телефону!,3887
Не путай блять педали!,3897
Не сигналь блять без причины!,3907
Не сигналь блять в пробке!,3917
Не смешивай блять масла!,3927
Не ставь блять зимнюю резину вместе с летней!,3937
Не тонируй фонари!,3947
Не тормози бля после обгона!,3957
Не торопишься - съеби вправо!,3967
Не уверен блять - не обгоняй!,3977
Обгоняют - не ускоряйся блять!,3987
"Переобувайся вовремя, ёпта!",3997
Приберись блять в гараже!,4007
"Пристегнись, ёпта!",4017
Проверь блять уровень масла!,4027
Пропусти блять пешехода!,4037
Протри блять стёкла!,4047
Протри блять фары!,4057
Смотри блять в зеркала!,4067
Смотри блять на дорогу!,4077
Смотри блять помеху справа!,4087
"Тише, блять, едешь - дальше, блять, будешь!",4097
Уступи блять «скорой»!,4107
"Эвакуатор может быть прямо за углом, блять!",4117
Не грызи блять карандаш!,4127
Не нравится - перепиши блять заново!,4137
Не читай блять говна!,4147
"Не нуди, блять!",4157
Расширяй блять лексикон!,4167
Не пользуйся блять диктофоном!,4177
Не нравится персонаж - выбрось его нахуй!,4187
"Представляй, блять, а не придумывай!",4197
"Пиши правдоподобно, мудень!",4207
Пиши блять разборчиво!,4217
Не пиши блять сразу много!,4227
Расширяй блять кругозор!,4237
Согласуй блять падежи!,4247
Не пиши блять про свою несчастную любовь!,4257
Пиши блять грамотно!,4267
Печатай блять быстро!,4277
"Будь честным, ебта",4287
Не любишь писать - брось это нахуй!,4297
"Пиши для себя, ёпта!",4307
Купи блять нормальную клаву!,4317
Носи блять с собой карандаш и бумагу!,4327
Проверь блять грамматику!,4337
Не мусоль блять одну мысль!,4347
Ищи блять форму!,4357
Загляни блять в словарь!,4367
"Будь краток, ёпта!",4377
Следи блять за именами!,4387
"Не копируй чужое абзацами, блять!",4397
"Сделай диалог живым, блять!",4407
Не пиши блять о своих комплексах,4417
Используй блять слова попроще!,4427
Подбирай блять имена персонажам!,4437
Не качайся блять на стуле!,4447
И напиши блять уже диплом!,4457
Согласуй блять предложения!,4467
"Учись у классиков, ёпта",4477
Пиши блять как хочется!,4487
"Не забывай, блять, про запятые!",4497
Спроси блять у профессионала!,4507
Не удаляй блять целыми абзацами!,4517
Согласуй блять слова!,4527
"Полистай словарь, ебта",4537
Подбери блять синоним!,4547
"Добавь реалий, ёпта!",4557
Не дрочи блять на толстые журналы!,4567
Не дрочи блять на премии!,4577
"Не подражай, блять!",4587
Не пытайся блять угождать!,4597
Придумал - запиши блять сразу!,4607
Не еби блять мозги читателю!,4617
"Кр. - сес. тал., бл!",4627
Подумай блять ещё!,4637
Не спорь блять с дураками!,4647
Разбери блять старый хлам!,4667
"Держи список задач на виду, блять!",4677
Не считай блять чужие деньги!,4687
Не жалей блять об упущенном!,4697
"Встань блять, разомнись!",4707
Пользуйся блять горячими клавишами!,4717
Не засиживайся блять на работе!,4727
Не суди блять по возрасту!,4737
Говори блять своими словами!,4747
Отстаивай блять своё мнение!,4777
Радуйся блять мелочам!,4817
"Торгуйся, ёпта!",5017
Избегай блять негативных людей!,5037
Не залипай блять на смешных сайтах!,5097
Поменьше пизди о своих планах!,5107
Поднимай блять расценки!,5157
Навести блять родителей!,5187
Разбери блять старые фотки!,5188
Говори блять только за себя!,5208
"Не уверен - не обещай, блять!",5218
Делай блять дубликат слоя!,5228
Выслушай блять проектировщика!,5238
Протри блять номера!,5258
Перестань блять делать ненужное!,5318
Попытайся блять ещё раз!,5758
Отдыхай блять по полной!,5768
Не лежи блять после звонка будильника!,5798
"Накосячил, блять - сознайся!",5808
Вдохновляй блять окружающих!,5818
"Не торопись, блять!",5828
Попинай блять колесо!,5848
Закупи блять одинаковых носков побольше!,5868
Используй блять поменьше цветов!,5878
Не рви жопу напрасно!,5888
Сделай блять себе визитки!,5898
Называй вещи своими блять именами!,5908
"Сконцентрируйся на чём-то одном, блять!",5928
"Не проеби весь бюджет, блять!",5948
"Похуй, делай рерайт!",5958
Не дрочи блять на CTR!,5968
Люби блять своих покупателей!,5978
Расскажи блять о преимуществах!,5988
Отличайся блять от конкурентов!,5998
"Покажи в рекламе сиськи, ёпта!",6008
Сделай блять охуенный маркетинг!,6018
Отслеживай блять эффективность!,6028
Думай блять как покупатель!,6038
Читай блять новости конкурентов!,6048
Следи блять за конкурентами!,6058
Делай блять бэнчмаркинг!,6068
Забудь блять про Пелевина!,6078
Не делай блять рекламу колхозникам!,6088
Узнай блять когда дэдлайн!,6098
Ищи блять новые рынки!,6108
Проверяй блять интервьюеров!,6118
"Похуй, повторяйся!",6128
Размести блять отзывы на сайте!,6138
Бери блять технаря на переговоры!,6148
Используй блять стереотипы!,6158
Дави блять на авторитет!,6168
Копию блять шли начальнику!,6178
Найми блять сеошника!,6188
Выслушай блять дизайнера!,6198
Не дрочи блять на Эпл!,6208
Разработай блять кейсы!,6218
Ищи блять новые площадки!,6228
Не строй блять пафосное ебало!,6238
Носи блять с собой визитки!,6248
Хватит троллить конкурентов!,6258
"Напиши блять так, чтобы сам запомнил!",6268
Говори блять мАркетинг!,6278
Не пиши блять говнотекстов!,6288
Продавай блять дорого!,6298
Уволь блять хуёвых копирайтеров!,6308
Разработай блять партнерские программы!,6318
Не бери блять журналиста вместо копирайтера!,6328
Управляй блять скидками!,6338
Повысь бля копирайтеру зарплату!,6348
Не работай блять на долбоёбов!,6358
Сожги блять книги Котлера!,6368
Смотри блять больше рекламы!,6378
Ищи блять новые идеи!,6388
"Продай себя подороже, ёпта!",6398
Не путай блять интернет-маркетинг и SEO!,6408
Собирай блять статистику!,6418
Настрой блять аналитику на сайте!,6428
Думай блять как потребитель!,6438
Изучай блять рынок!,6448
Нет идей - спизди!,6458
"Хватит втюхивать, блять - продавай!",6468
Напиши блять success stories!,6478
Устрой блять маркетинг 24/7!,6488
Анализируй блять неудачи!,6498
Не считай блять себя исключительным!,6508
Опирайся блять на психологию!,6518
Не верь блять на психологию!,6528
Не обсуждай блять уже решённое!,6538
Верь блять в свою компанию!,6548
Меняй блять всё постепенно!,6558
Следи блять за новыми направлениями!,6568
Привлекай блять внимание!,6578
Дай блять гарантию!,6588
Не обманывай блять ожиданий!,6598
Собирай блять отзывы!,6608
Реагируй блять на жалобы!,6618
Не бойся блять просить помощь!,6628
Не бери блять лишних денег на пьянку!,6638
"Будь приветлив, ёпта!",6648
Читай блять и выписывай!,6658
Сделай блять загранпаспорт!,6678
Не еби вола!,6688
Переноси блять сроки с запасом!,6698
Позвони блять сам!,6708
Подготовься блять к переговорам!,6718
Зарабатывай блять деньги!,6728
Добавь блять оперативки!,6738
Разберись блять в своих желаниях!,6758
Сжимай блять картинки!,6778
Помирись блять со своим прошлым!,6788
"Побрейся уже, ёпта!",6798
Не лезь блять с советом!,6808
Займись блять делом!,6818
Не жди блять знака свыше!,6828
Умей блять вовремя заткнуться!,6848
"Не поддакивай, блять!",6858
Сходи блять на массаж!,6868
Не срывайся блять на окружающих!,6898
Всегда блять имей запасной вариант!,6948
Смотри блять не перестарайся!,6978
Сходи блять прогуляйся!,6988
Выключи блять компьютер!,6998
Раздай блять долги!,7008
Разбери блять скачанное!,7018
"Не халтурь, блять!",7058
"Перестань всё усложнять, ёпта!",7078
Найми блять помощника!,7088
Группируй блять задачи!,7098
Не бойся блять ошибаться!,7128
Не жалуйся блять на нехватку времени!,7138
Действуй блять энергичнее!,7148
Пробуй блять новое!,7158
Наведи блять порядок!,7238
Умей блять проигрывать!,7288
Не суди бля по себе!,7298
Не бери блять кредитов!,7398
Применяй блять новые знания!,7418
Договаривайся блять на берегу!,7528
"Взял, блять? Верни на место!",7538
Собери блять друзей!,7548
Работай блять с удовольствием!,7608
Экономь блять время!,7638
Помогай блять родителям!,7658
Смени блять обстановку!,7668
Съезди блять в путешествие!,7678
Откладывай блять на отпуск!,7708
Займись блять собой!,7728
Сядь блять и выучи!,7758
"Выпрями спину, блять!",7768
Хорош блять откладывать!,7778
"Не ной, блять - всем похуй!",7788
Не торопи блять события!,7798
Решай блять сам!,7828
Готовь блять подарок заранее!,7868
"Не переедай, ёпта!",7878
Смени блять окружение!,7888
Говори блять грамотно!,7918
"Не сплетничай, блять!",7938
Не показывай хуйню - выберут её!,7948
Прояви блять инициативу!,7968
Уважай блять чужие заёбы!,7978
Не бойся блять отказывать начальству!,8008
"Не унывай, ёпта!",8018
Не выкручивай блять гейн!,8028
Соблюдай блять режим!,8058
Мысли блять позитивно!,8068
"Представься, ёпта!",8078
Собирайся блять заранее!,8088
Объясняй блять свои решения!,8108
Представляй блять результат!,8178
Смотри блять ТВ поменьше!,8188
Составь блять список задач!,8248
Не верь блять словам!,8278
Посиди блять в тишине.,8288
"Живи блять интересно, пока не поздно!",8298
"Похуй, повторяйся!",8308
Стремись блять к качеству!,8318
Не заглядывай блять в чужие мониторы!,8338
Купи блять запасные струны!,8408
Уберись блять на столе!,8418
Хватит блять обвинять других!,8428
Не жди блять халявы!,8488
Пропусти блять собаку!,8518
Хочешь быть первым - вставай блять раньше!,8548
Учи блять сольфеджио!,8668
Не дрочи блять на Logic!,8758
Не жалей блять о сделанном!,8798
Отрегулируй блять ксенон!,8848
Не откладывай блять на завтра!,8858
Шли всех на хуй!,8878
Отдыхай блять на природе!,8888
Закончи блять начатое!,8898
Играй блять через комбик!,8917
Решайся блять быстрее!,8977
Делай блять красиво!,8987
Не хватайся блять за всё сразу!,8997
Выйди блять за рамки!,9007
"Имей терпение, ёпта!",9047
Не жри всякую хуйню!,9077
Не води блядей на репы!,9087
Делай блять хорошо - хуёво само получится!,9107
"Хватит думать, блять - делай!",9117
Никого блять не бойся!,9127
"Рискни, ёпта!",9147
"Не зацикливайся, блять!",9227
Запер - оставь блять телефон!,9237
Проветри блять помещение!,9257
Сходи блять к зубному!,9367
Учись блять слушать собеседника!,9448
"Действуй, блять!",hz
Ебашь через тонику!,9708
Спусти блять шестую!,9718
Пользуйся блять ручным фокусом!,9848
Делай блять зарядку!,9888
Наебнулся - отряхнись!,9938
Не путай блять басы!,10008
Не мешай блять красное с белым!,10348
Рассчитывай блять время!,10408
Думай блять головой!,10438
Не обещай блять невозможного!,10678
Сними блять линзы перед сном!,10688
Ешь блять витамины!,10768
Требуй блять служебное удостоверение!,10878
Не жми блять до отсечки!,10888
Нанимай блять полезных людей ,10928
"Закаляйся, ёпта!",10948
Пиши блять тему письма!,10978
Отстрой блять мензуру!,10988
Не лезь блять не в свое дело!,11058
Хватит блять лажать!,11088
Фа-до-соль-ре-ля-ми-си блять!,11158
Слей блять воду!,11228
Поставь блять на ручник!,11328
Помой уже блять машину!,11358
"Учись блять списывать, раз ты такой долбоеб!",11378
Не открывай блять бутылки над клавиатурой!,11408
Ходи блять на гармонию!,11448
Не вылазь блять на тротуары!,11538
Купи блять запасной медиатор!,11578
Не откладывай блять развлеченья!,11608
"Протри уже стекла, ёпта!",11638
Не спорь блять со звукорём!,11658
Не ищи блять цитат для статуса!,11678
Встал - заправь блять постель!,11718
"Будь смелее, блять!",11768
Не мешай блять другим работать!,11888
Найди блять стимул!,11978
Притормози блять перед камерой!,12108
Не проеби заправку!,12118
Вози блять инструмент с собой!,12128
Сними блять тонировку! ,12138
Отключи блять автофокус при макросьёмке!,12228
Think fucking different!,12248
Прочитай блять Алена Карра!,12318
Спиздил - неси домой!,12348
Живи блять своей жизнью!,12448
Отвечай блять за свои косяки!,12468
В пизду !important!,12488
Не проскакивай блять на желтый!,12588
Бойся блять трамвая!,12598
Не зацикливайся блять на одном решении!,12698
Изучай блять новые технологии!,12708
Не откладывай блять недоделанным!,12758
Интригуй блять публику!,12768
Распланируй блять выходные!,12818
Не заёбывай кота!,12828
Копи блять на литьё!,12938
Удели блять себе время!,12988
Ляг блять сегодня пораньше!,13048
"Изучил, блять - используй!",13168
"Начни уже бегать, блять!",13178
"Вымой уже кружку, ёпта!",13188
Не пизди блять лишнего!,13198
Возьми блять отпуск!,13208
Не добавляй блять шефа в скайп!,13218
Не делай блять в последний день!,13228
Не бойся блять начать заново!,13238
Подумай блять как сделать лучше!,13248
Полей блять цветы!,13258
"Съезди к морю, ёпта!",13268
Слушай блять аудиокниги!,13278
Тренируй блять память!,13288
Займись блять своим телом!,13308
Откладывай блять часть денег!,13318
Не ходи блять в магазин голодным!,13338
Не трогай блять заначку!,13348
Не покупай хуйню!,13358
Не пизди блять за глаза!,13368
"Не завидуй, блять - работай!",13378
"Начни с себя, ёпта!",13388
Начни блять с чистого листа!,13398
Люби!,13408
Ищи блять первопроходцев!,13418
Ищи блять идеи попроще!,13428
"Знай меру, ёпта!",13438
Заправь блять принтер!,13448
Записывай блять мечты - они сбываются!,13458
Выйди блять из контакта!,13468
Возьми блять и уеби!,13478
Береги блять зрение!,13488
Подтверждай блять слова поступками!,13498
Готовь блять хостинг заранее!,13507
Дрочи блять техподдержку!,13517
Не экономь блять на хостинге!,13527
Облачный блять хостинг!,13537
Переходи блять на облачный хостинг!,13547
Не держи блять все сайты в одном месте!,13557
Займи блять себе домен!,13567
Не мудри блять с настройками!,13577
Не плати блять за спам!,13587
Составь блять план!,13597
Не верь блять всему что слышишь!,13607
Не пали блять сетку!,13617
Сжимай блять картинки!,13627
Оптимизируй блять графику!,13637
Не забудь блять ,13647
Создавай блять свой контент!,13657
Поменьше блять анимации!,13667
Проверь блять верстку!,13677
Сделай блять свой плагин!,13687
Отслеживай блять бэклинки!,13697
Проверь блять сайт сео-сервисами!,13707
Ищи блять дублированный контент!,13717
Вычисти блять url !,13727
Проверяй блять дату кэширования!,13737
Используй блять соц.сети!,13747
Следи блять за трендами!,13757
Используй блять СММ!,13767
Используй блять абсолютные ссылки!,13777
Ищи блять битые ссылки!,13787
Оптимизируй блять текст в rss!,13797
Меняйся блять статьями!,13807
Продвижение - это блять процесс!,13817
Проверь блять на плагиат!,13827
Улучшай блять юзабилити!,13837
"Не жадничай, блять!",13847
Не части блять со ссылками!,13857
Ставь ссылки в текст!,13867
Не перенасыщай блять текст!,13877
Качество ссылок!,13887
Главное блять - умеренность!,13897
Обнови блять карту сайта,13907
Создай блять sitemap.xml!,13917
Убирай блять циклические ссылки!,13927
Исследуй блять статистику!,13937
Закрой блять навигацию!,13947
Обновляй блять старый контент!,13957
Проверь блять на тошноту!,13967
"Одна страница - одно слово, блять",13977
Включи блять КС в анкоры!,13987
Заполни блять тайтлы!,13997
Заполни блять альты к картинкам!,14007
Добавь блять рсс!,14017
Весна блять яндекса!,14027
Подготовь блять обновления заранее!,14037
Проверяй блять доноров!,14047
Проверяй блять околоссылочное!,14057
Заполняй блять мета-тэги!,14067
Проверь блять заголовки!,14077
Расставь блять заголовки!,14087
Сделай блять полезный сервис!,14097
Предложи блять что-нибудь полезное!,14107
Регулярно блять добавляй контент!,14117
Определи блять релевантные страницы!,14127
"Добавь сайт в Яндекс-Каталог, блять!",14137
Забей блять на PR!,14147
Проверь блять редиректы!,14157
Добавь блять карту сайта!,14167
Разлогинься блять в гугле!,14177
Покупай блядь вечные ссылки!,14187
Напиши блять Платону!,14207
Сделай блять ЧПУ!,14217
Не спамь блять!,14227
Купи блять нормальный хостинг!,14237
Добавь блять сайт в инструменты вебмастеров!,14247
Составь блять семантическое ядро!,14257
"Не перестарайся, блядь!",14267
Не спеши блять закупать ссылки!,14277
Ищи блять общий язык с программистом!,14287
Обучай блять копирайтеров!,14297
Не выёбывайся - прикрути вордпресс!,14307
Приводи блять покупателей на сайт!,14317
Забей блять на каталоги!,14327
Заведи блять себе блог!,14337
Делай блять на совесть!,14347
Сапиент блять солюшн!,14357
Оцени блять бюджет!,14367
Продвигай блять низкочастотники!,14377
Не обещай блять ТОП-1!,14387
Следи блять за новыми алгоритмами!,14397
Анализируй блять конкурентов!,14407
Оптимизируй блять код!,14417
Тренируй блять фокусы!,14437
Расслабь блять руки!,14447
Учи блять разные двойные подъёмы!,14457
Не ссышь — не запалят!,14467
Тренируйся блять медленно!,14477
Ищи блять новых зрителей!,14487
Следи блять за углами обзора!,14497
Не залипай блять на флоришах!,14517
Учи блять безреквизитные трюки!,14527
Растягивай блять пальцы!,14537
Не соревнуйся блять с фокусниками!,14547
Не раскрывай блять секреты!,14557
Учись блять нагнетать обстановку!,14567
Не суетись блять перед зрителем!,14577
Не показывай блять недоработанное!,14587
"Не прогибайся под зрителя, ёпта!",14597
Смотри блять в зеркало!,14607
"Не копируй звёзд, блять!",14617
Придумывай блять свою подачу!,14627
Не бывает блять слишком коротких пальцев!,14637
Управляй блять вниманием зрителя!,14647
"Если кто-то смог блять, то и ты сможешь!",14657
Заставляй блять аплодировать!,14667
Не разбрасывай блять реквизит!,14677
Учи блять сценические трюки!,14687
Не будь ебаным теоретиком!,14697
Научись блять говорить НЕТ!,14707
Сожги блять свои перьевые цветы!,14717
Снимай блять свои выступления!,14727
Отработай блять вольт!,14737
Смотри блять семинары!,14747
Возьми блять новую колоду!,14757
Используй блять родные деньги!,14767
Не отвечай блять больше чем спрашивают!,14777
"Учись принимать решения быстро, блять!",14787
"Не усложняй жизнь, ёпта!",14797
Сосредоточься блять!,14798
Не пытайся блять исправить людей!,14818
Меняй блять носки почаще!,14828
Не делай блять чужую работу!,14837
Не трать деньги на хуйню!,14877
Купи блять насос!,14947
"Приходи на работу вовремя, блять!",15037
Свари блять струны!,15077
Купи блять хороший чай!,15137
Сделай блять пока помнишь!,15157
Не пизди чужие картинки!,15177
Начни блять с простого!,15237
Замыкай блять кривые!,15247
Не еби пассажиру мозг!,15307
"Делай в CMYK, блять!",15327
Не слушай говно!,15337
Не совершай блять двойной обгон!,15547
На строй блять стандартный строй!,15557
Не играй блять в дропе!,15567
Ломай рифы блять!,15577
Купи блять пачку медиаторов!,15607
Не спорь блять с Камазом!,15627
Затаривайся блять заранее!,15647
"Пой, блять, даже если не умеешь!",15687
Купи блять видеорегистратор!,15697
Не спеши блять с выводами!,15717
Раздели блять задачу!,15727
Предупреждай блять заранее!,15737
Составь блять бюджет!,15747
Помой блять посуду!,15767
Ставь блять конкретные сроки!,15777
Знай блять МЭСы!,15787
Считай блять койко-дни!,15797
Не жалей блять перекись!,15807
Режь блять наотмашь!,15817
Спланируй блять операцию!,15827
Не зубри блять Видаля!,15837
Не скупись блять на консультации!,15847
Надень блять красный халат!,15857
Вези блять по встречке!,15867
Наори блять на скорую!,15877
Пройдись блять по палатам!,15887
Контрактура блять дюпюитрена!,15897
Шунтируй блять грамотно!,15907
Изымай блять по частям!,15917
Созывай блять консилиум!,15927
Скрининг блять не для всех!,15937
Ставь блять диагноз!,15947
"Трепанируй с наслаждением, ёпта!",15957
Врач блять не грузчик!,15967
Проси блять больше!,15977
Ищи блять инфекцию!,15987
Сердцу блять не прикажешь!,15997
Больной блять знает лучше!,16007
Выписывай блять всех!,16017
Копируй блять эпикризы незаметно!,16027
Развивай блять m.,16037
Решает блять главврач!,16047
Смени блять профессию!,16057
Сам ты блять тупфер!,16067
Коагулируй блять самостоятельно!,16077
Принимай блять благодарность!,16087
Вяжи блять эндоскопом!,16097
Ужи блять вязлом!,16107
Сам-то хоть не болей!,16117
Сделай блять маникюр!,16127
Запомни блять цикл билирубина!,16137
"Мочевина, блять - кристалл!",16147
Альцгеймер - это блять не родственник!,16157
"Уринотерапия - не вариант, блять!",16167
Не ори блять на пациента!,16177
Ругайся блять на латыни!,16187
Ругайся блять сдержанно!,16197
Пациенты блять тупые!,16207
Не верь блять всему что слышишь!,16217
Подгружай блять пофолом!,16227
"Ставь катетер нежнее, ёпта!",16237
ИПФ блять не панацея!,16247
Экстубируй блять быстрее!,16257
"Не надорвись, ёпта!",16267
Не спи блять во время приёма!,16277
Считай блять мочу!,16287
Вправляй блять по Кохеру!,16297
Сделай блять МРТ!,16307
Назначай блять в меру!,16317
"Quidquid latine dictum sit, altum sonatur.",16327
Lingua latina non canus penis!,16337
Лечи блять консервативно!,16347
Пиши блять дневники!,16357
Сдай блять биксы!,16367
Не бухай блять на дежурстве!,16377
Не слушай блять родственников!,16387
Позови блять терапевта!,16397
Не транжирь блять трамадол!,16407
Списывай блять наркоту!,16417
Побрей блять хабитус!,16427
Постирай блять халат!,16437
Слушай блять заведующего!,16447
Не опаздывай блять на конференции!,16457
Клей блять истории!,16467
Оперируй блять молча!,16477
Констатируй блять вовремя!,16487
Собирай блять анамнез!,16497
Сшивай блять аккуратнее!,16507
Не бойся блять своих желаний!,16577
Скажи блять правду!,16587
Не подписывай на дело полных долбоёбов!,16617
Не живи блять воспоминаниями!,16627
"Мысли масштабнее, ёпта!",16637
Добивайся блять своего!,16647
Не зацикливайся блять на деньгах!,16897
Запишись блять в качалку!,16987
Заведи блять животное!,17017
Выключи блять трубу в кинотеатре!,17027
Пригласи блять гостей!,17037
Выключи блять трубу перед сексом!,17047
Растягивай блять удовольствие!,17057
"Займись йогой, йопта!",17077
Слушай блять успешных людей!,17087
Никогда блять не сдавайся!,17117
Не спи блять одетым!,17137
Вноси блять разнообразие!,17147
Цени блять друзей!,17167
Возьми блять выходной!,17327
Не стремись блять к совершенству!,17437
Не оглядывайся блять на чужое мнение!,17447
Перестань блять сравнивать себя с другими!,17457
Слушай блять аудиокниги!,17767
Одевайся блять теплее!,17837
Прогоняй блять негативные мысли!,17847
Не спеши блять!,17857
Не зацикливайся блять на прошлом!,17867
Избавляйся от ненужной хуйни!,17877
Не напрягайся блять по мелочам!,17887
Ставь блять четкие цели!,17897
"Не занудствуй, блять!",17907
Включи блять воображение!,18047
Старайся блять!,18057
Ищи блять нестандартные решения!,18067
Побудь блять один какое-то время!,18197
Уступай блять в мелочах!,18207
"Обособляй, блять, запятыми!",18227
Не сиди блять сложа жопу!,18237
Не отращивай блять пузо!,18247
"Давай блять, рискни!",18807
Следи блять за речью!,18927
"Не перебивай, блять!",19087
Делай блять от души!,19197
Цени блять то что есть!,19207
Не опускай блять руки!,19257
Выслушай блять и сделай по-своему!,19267
Не живи блять пятницей!,19287
Оттачивай блять навыки!,19297
Верь блять в успех!,19307
Сокращай блять расходы!,19327
Не отвечай блять вопросом на вопрос!,19357
Уделяй блять время родным!,19437
Выложи блять портфолио!,19497
Не бойся блять трудностей!,19507
Не меняй блять шило на мыло!,19517
Проверь блять DOCTYPE!,19537
"Двигайся дальше, ёпта!",19557
Понаедь блять в Москву!,19637
Разреши блять себе отдохнуть!,19647
Учтсь блять ,19687
"Боишься, блять - не делай!",19727
"Делаешь, блять - не бойся!",19737
"Будь последовательным, ёпта!",19747
"Не петросянь, блять!",19757
"Удивляй, ёпта!",19777
"Делитесь идеями, ёпта!",19797
Меньше блять аккомпанимента!,19847
"Получил совет - применяй, блять!",19857
Не гони блять на бывшего!,19877
Погладь блять бельё!,19887
"Извинись, ёпта!",19897
Скажи блять что любишь его!,19907
"Будь самодостаточной, ёпта!",19917
Не играй блять чувствами!,19927
Подойди блять первой!,19937
Покажи бля на что ты способна!,19947
Избегай блять неудачников!,19957
"Не будь бревном, ёпта!",19967
Не спи бля в солярии!,19977
Иди блять на фитнес!,19987
Найди блять себе увлечение!,19997
Смой блять макияж перед сном!,20007
Не читай блять его смс-ки!,20017
Умей блять выслушать!,20027
Научись блять краситься!,20037
Береги блять честь смолоду!,20047
Ешь блять с аппетитом!,20057
"Будь женственной во всем, ёпта!",20067
Учись блять ходить на каблуках!,20077
"Носи юбки, ёпта!",20087
"Будь целеустремленной, ёпта!",20097
"Интригуй его, ёпта!",20107
Готовь блять с любовью!,20117
"Будь загадочной, ёпта!",20127
"Не одевайся как блядь, блять!",20137
Научись блять строить глазки!,20147
Не бойся блять быть слабой!,20157
Не дави блять на жалость!,20167
"Будь проще, ёпта!",20177
Не устраивай блять театр!,20187
Не будь блять высокомерной!,20197
Поставь блять себе цель на год!,20207
"Будь чуткой, ёпта!",20217
"Будь настоящей, ёпта!",20227
Избегай блять конфликтов!,20247
Будь блять приветлива!,20257
Не пытайся блять всем угодить!,20267
Не звони блять бывшему по пьяни!,20277
Будь блять ухоженной!,20287
"Не сплетничай, блять!",20297
Не влюбляйся в мудаков!,20307
Меньше блять мучного!,20317
Не смотри блять Дом 2!,20327
Помолчи блять хоть немного!,20337
Прекрати блять жрать жирное!,20347
"Хватит краситься, блять!",20357
Не теряй блять медиаторы!,20367
Не слушай блять завистливых подруг!,20377
Не звони блять бывшему по пьяни!,20387
Дай ему ещё один шанс!,20397
Не заставляй блять себя ждать!,20407
Собирайся блять быстрее!,20417
Без капризов нет сюрпризов!,20437
Держись блять естественней!,20447
"Не навязывайся, блять!",20457
Не будь блять такой прямолинейной!,20467
Уважай блять его маму!,20477
Не заёбывай его свадьбой!,20487
Позволь блять ему гордиться тобой!,20497
Не ругай блять его привычки!,20507
Ухаживай блять за собой!,20517
Носи блять с собой презерватив!,20527
Будь блять настоящей!,20537
Не кричи блять в истерике!,20547
Оденься блять сексуальней!,20557
Не стригись блять коротко!,20567
Научись уже блять готовить!,20577
Отпусти блять его на рыбалку!,20587
Не носи блять с собой баул!,20597
Отпусти блять его в гараж!,20607
"Не пизди, что на диете!",20617
Дай ему блять поиграть в стрелялки!,20627
Не ревнуй блять его к столбу!,20637
Меньше блять штукатурки!,20647
"Будь разносторонней, блять!",20657
Поднимай блять крышку унитаза!,20667
"Не навязывай блять свое мнение, ёпта!",20677
Умей блять его выслушать!,20687
"Улыбайся, ёпта!",20697
Не ищи блять повсюду целлюлит!,20707
Забудь блять про свои недостатки!,20717
"Поддержи его, ёпта!",20727
Храни блять верность!,20737
Не обдирай блять лак!,20747
Прости блять и отпусти!,20757
Изничтожь блять волосы на ногах!,20767
Не фотографируй блять сама себя!,20777
Не ной блять - ты красивая!,20787
"Не изменяй блять тому, кого любишь!",20797
Не сиди блять на его странице!,20807
"Не драматизируй, блять!",20817
Не выкладывай блять фотки со бывшим!,20827
Не заигрывай блять с женатыми!,20837
Не делай блять карьеру через постель!,20847
Не будь сукой!,20857
Не заставляй блять его платить за тебя!,20867
Сходи блять на свидание с ботаном!,20877
Дай блять ему посмотреть футбол!,20887
"Цени блять всё, что он для тебя делает!",20897
"Покупай прокладки сама, блять!",20907
"Не жалуйся блять, что потолстела!",20917
Не опаздывай блять на свидания!,20927
Сомневаешься — спроси блять!,20937
Не додумывай блять подробности!,20947
Не звони ему каждую блять минуту!,20957
"Предложи ей помощь, ёпта!",20967
Сумей блять защитить её!,20987
Позволь блять ей выбрать фильм!,20997
"Покупай ей сладкое, блять!",21007
"Пропусти её вперед, ёпта!",21027
Не спи блять с её сестрой!,21047
Не еби её подругу!,21067
Отпусти блять бороду!,21077
Придумай блять необычное свидание!,21087
Называй блять её ласково!,21097
Не дари блять дешёвых цветов!,21107
"Скажи ей, что она красивая, ёпта!",21117
Подготовь блять комплименты!,21127
Обними блять её!,21147
"Скажи блять, что она умная!",21157
Не пизди на её друзей!,21167
"Скажи блять, что она красивая!",21177
"Приготовь ей ужин, ёпта!",21187
Помоги блять ей раздеться!,21197
Сделай блять по-своему!,21207
Не рассказывай блять о своих бывших!,21217
Возьми блять её за руку!,21227
"Побрейся уже, блять!",21237
Не пялься блять на других!,21247
"Удиви её, ёпта!",21267
"Скажи блять, что она тебе нравится!",21277
"Не ссы, блять - сделай ей предложение!",21317
Помирись блять первым!,21327
Меняй блять носки каждый день!,21367
"Подари ей цветы, блять!",21377
"Будь мужиком, блять!",21387
"Цени блять всё, что она для тебя делает!",21397
Опусти блять стульчак после себя!,21437
Отношения - это блять не только ебля!,21447
Не ссы блять мимо унитаза!,21457
Не уверен блять - спроси!,21467
Говори блять комплименты!,21477
"Просто будь самим собой, ёпта!",21487
Не перди блять при ней!,21497
Не парься блять из-за внешности!,21507
"Позвони ей, если обещал, блять!",21517
Почаще блять води её на свидания!,21527
Заботься блять о ней!,21537
"Отдай ей зонт, ёпта!",21547
Мойся блять почаще!,21557
Хватит блять нудеть!,21577
Не торопи блять события!,21587
"Заплати за неё, ёпта!",21607
"Похвали её, ёпта!",21617
Заботься блять о нём!,21627
Посмотри блять с ней комедию!,21637
"Согласись с ней, ёпта!",21647
"Равняйся на лучших, ёпта!",21687
Не обещай блять лишнего!,21737
Нет работы - иди блять учись!,21877
Уступи блять место бабушке!,22057
"Не вали горизонт, ёпта!",22127
Готовь блять подарки!,22147
Составь блять список важных дел!,22177
Чувствуй блять ритм!,22197
Займись блять чем-нибудь новым!,22217
Не трать блять время попусту!,22227
Не сиди блять без дела!,22307
Не пизди лишнего про ближнего!,22327
Не спи блять до обеда!,22367
"Ходи зимой в двух штанах, ёпта!",22377
Не строй блять иллюзий!,22487
"Не включай блять дуру, где не надо!",22627
Убери блять будильник от кровати!,22647
Не ходи блять в спортивном костюме!,22677
Не носи блять розовый с розовым!,22717
"Опережай, ёпта!",22777
Заканчивай блять начатое!,22827
Не страдай хуйнёй подолгу!,22837
Не работай блять с друзьями!,22847
Признавай блять свои ошибки!,22877
Перестань блять худеть!,22887
"Сядь ровно, ёпта!",22907
Optimum medicamentum coitus est!,22917
Не пускай блять дела на самотек!,22957
"Береги печень смолоду, ёпта!",22967
Ляг поспи блять!,22987
"Закипело - кидай, всплыли - вытаскивай!",23007
"Держи себя в руках, блять!",23037
"Относись к вещам проще, ёпта!",23047
"Не мелочись, блять!",23057
Не тяни блять с решением!,23067
Прояви блять инициативу!,23117
Просыпайся блять пораньше!,23338
Цени блять свой труд!,23348
Не сравнивай блять себя с другими!,23508
"Не забывай включать поворотники, ёпта!",23758
"Не ленись, сделай блять мастеринг!",23768
Сходи блять на пляж!,23778
Одевайся блять со вкусом!,23788
Не топчись блять по граблям!,23918
Сосредоточься блять на настоящем!,23958
Говори блять правду!,24088
Спи блять ночами!,24128
"Опаздываешь - предупреди, блять!",24168
Не сей блять панику!,24208
Хватит репостить всякое гавно!,24218
Удаляй блять старье!,24298
Пиши блять код!,24308
"Не рой, блять, яму другому!",24328
"Перестань, пожалуйста, материться!",24358
Пиздуй за цветами!,24378
Не пропадай блять надолго!,24438
С новым блять годом!,24447
Радуйся блять жизни!,24457
Выйди блять из дома!,24467